origin,rank,last_modified,Country
www.fun-mooc.fr,100000,2024-02-16 07:48:39,France
search.open.canada.ca,Unknown,Unknown,Canada
www.nhs.uk,5000,2024-02-16 01:08:40,United Kingdom
www.ms.ro,500000,2024-02-16 13:42:28,Romania
www.frc.org.uk,1000000,2024-02-22 11:40:19,United Kingdom
www.mojeid.cz,1000000,2024-02-22 12:17:48,Czechia
www.registryagency.bg,1000000,2024-02-22 14:36:17,Bulgaria
www.hansel.fi,5000000,2024-03-11 07:12:29,Finland
www.nesta.org.uk,5000000,2024-03-10 17:31:21,United Kingdom
ckan.org,5000000,2024-03-14 07:59:35,Bulgaria
www.ung.si,5000000,2024-03-14 21:15:29,Slovenia
www.bulnao.government.bg,5000000,2024-03-15 11:29:17,Bulgaria
whereyourmoneygoes.gov.ie,10000000,2024-03-19 10:20:51,Ireland
www.ici.ro,50000000,2024-03-31 23:24:13,Romania
www.ici.ro,50000000,2024-03-31 23:24:13,Romania
accounts.claveunica.gob.cl,10000,2024-02-16 01:13:39,Chile
tpwd.texas.gov,50000,2024-02-16 01:26:40,United States of America
exam.tnschools.gov.in,50000,2024-02-16 01:55:31,India
id.argentina.gob.ar,50000,2024-02-16 01:27:19,Argentina
www.consumerfinance.gov,100000,2024-02-16 07:23:03,United States of America
concursodocente.se.gob.hn,100000,2024-02-16 06:55:25,Honduras
courses.campus.gov.il,100000,2024-02-16 07:30:20,Israel
dgc.chubut.gov.ar,100000,2024-02-16 07:24:50,Argentina
estado.rs.gov.br,100000,2024-02-16 07:37:56,Brazil
mexicox.gob.mx,100000,2024-02-16 06:48:18,Mexico
passports.gov.sd,100000,2024-02-16 07:34:51,Sudan
www.genome.gov,100000,2024-02-16 06:52:26,United States of America
www.gov.ie,100000,2024-02-16 07:43:51,Ireland
oig.hhs.gov,500000,2024-02-16 11:59:43,United States of America
ecr.eoffice.railnet.gov.in,500000,2024-02-16 10:28:35,India
bkspds.gov.bd,500000,2024-02-16 14:22:06,Bangladesh
courses.skillindiadigital.gov.in,500000,2024-02-16 14:19:17,India
crowd.loc.gov,500000,2024-02-16 10:36:40,United States of America
delhitourism.gov.in,500000,2024-02-16 15:24:12,India
emplois.inclusion.beta.gouv.fr,500000,2024-02-16 08:55:10,France
exam.mova.gov.ua,500000,2024-02-16 11:37:10,Ukraine
frs.tnpolice.gov.in,500000,2024-02-16 09:14:43,India
gsz.gov.by,500000,2024-02-16 10:29:37,Belarus
guide.diia.gov.ua,500000,2024-02-16 10:48:37,Ukraine
hr.lgm.gov.ly,500000,2024-02-16 09:15:26,Libya
imperatriz.ma.gov.br,500000,2024-02-16 09:58:47,Brazil
importaauto.sspc.gob.mx,500000,2024-02-18 10:25:03,Mexico
infracciones.cdmx.gob.mx,500000,2024-02-16 10:39:29,Mexico
intranet.policiamilitar.sp.gov.br,500000,2024-02-16 09:43:24,Brazil
jss.ap.gov.in,500000,2024-02-16 09:32:51,India
katalog.bip.ipn.gov.pl,500000,2024-02-16 11:02:24,Poland
leg.mt.gov,500000,2024-02-16 10:36:12,United States of America
leitosgerais.saude.rn.gov.br,500000,2024-02-16 12:26:40,Brazil
lims.bis.gov.in,500000,2024-02-16 14:49:32,India
maiscultura.rn.gov.br,500000,2024-02-17 04:12:10,Brazil
maks.nvi.gov.tr,500000,2024-02-16 10:05:51,Turkey
miased.mvs.gov.ua,500000,2024-02-16 20:09:07,Ukraine
ois.pgcb.gov.bd,500000,2024-02-16 11:15:40,Bangladesh
opms.emb.gov.ph,500000,2024-02-16 10:13:26,Philippines
ouci.dntb.gov.ua,500000,2024-02-16 14:36:49,Ukraine
perminou.narsa.gov.ma,500000,2024-02-16 08:57:08,Morocco
personalizacionvirtual.tullaveplus.gov.co,500000,2024-02-16 13:34:37,Colombia
ppsc.lumbini.gov.np,500000,2024-02-16 09:37:01,Nepal
rtad.gov.mm,500000,2024-02-16 14:06:33,Myanmar
ruta.cent.gov.ar,500000,2024-02-18 20:29:24,Argentina
sace.se.gob.hn,500000,2024-02-16 12:09:36,Honduras
sader.entrerios.gov.ar,500000,2024-02-16 14:33:56,Argentina
servicos.semobjp.pb.gov.br,500000,2024-02-16 14:24:55,Brazil
sis.nipo.gov.ua,500000,2024-02-16 13:46:32,Ukraine
suap.campos.rj.gov.br,500000,2024-02-16 14:59:36,Brazil
suap.cfmv.gov.br,500000,2024-02-16 10:11:22,Brazil
suap.rn.gov.br,500000,2024-02-16 09:55:09,Brazil
subastas.justiciacordoba.gob.ar,500000,2024-02-16 15:47:50,Argentina
tlush.edu.gov.il,500000,2024-02-16 11:20:05,Israel
www.adbl.gov.np,500000,2024-02-16 12:37:23,Nepal
www.buckinghamshire.gov.uk,500000,2024-02-16 11:02:10,United Kingdom
www.cagepa.pb.gov.br,500000,2024-02-16 12:52:07,Brazil
www.fec.gov,500000,2024-02-16 13:15:12,United States of America
www.peacecorps.gov,500000,2024-02-18 00:20:50,United States of America
www.minenergia.gov.co,500000,2024-02-16 10:35:19,Colombia
tramites.fiscaliaslp.gob.mx,500000,2024-02-16 09:03:47,Mexico
ukurier.gov.ua,500000,2024-02-16 13:08:55,Ukraine
web.mo.gov,500000,2024-02-16 09:33:42,United States of America
www.artgallery.nsw.gov.au,500000,2024-02-16 08:32:57,Australia
www.bellasartes.gob.ar,500000,2024-02-16 10:31:21,Argentina
www.cultura.gob.ar,500000,2024-02-16 13:57:53,Argentina
www.delhitourism.gov.in,500000,2024-02-16 12:05:57,India
www.journal-officiel.gouv.fr,500000,2024-02-16 13:56:17,France
www.moci.gov.kw,500000,2024-02-16 15:02:52,Kuwait
www.mzh.government.bg,500000,2024-02-16 15:17:06,Bulgaria
www.nepalpolice.gov.np,500000,2024-02-16 09:53:30,Nepal
www.palmas.to.gov.br,500000,2024-02-16 10:03:28,Brazil
www.revisor.mn.gov,500000,2024-02-16 11:09:28,United States of America
www.transparencia.gob.pe,500000,2024-02-16 10:15:03,Peru
www.vacinaeconfia.es.gov.br,500000,2024-02-16 12:54:23,Brazil
lewiscountywa.gov,1000000,2024-02-22 09:38:50,United States of America
dane.gov.pl,1000000,2024-02-22 15:25:55,Poland
abdigm.meb.gov.tr,1000000,2024-02-22 18:41:49,Turkey
capt.gov.kw,1000000,2024-02-22 11:09:27,Kuwait
casadotrabalhador.pmnf.rj.gov.br,1000000,2024-02-22 18:24:21,Brazil
caselaw.nationalarchives.gov.uk,1000000,2024-02-22 11:59:02,United Kingdom
chilecultura.gob.cl,1000000,2024-02-22 13:36:02,Chile
convocatoriasgrc.regioncajamarca.gob.pe,1000000,2024-02-22 18:36:30,Peru
diariooficial.palmas.to.gov.br,1000000,2024-02-22 17:23:13,Brazil
edu.gov.kg,1000000,2024-02-22 15:20:23,Kyrgyzstan
emunicipal.nwcmc.gov.in,1000000,2024-02-22 15:39:13,India
evezbaonica.zvkov.gov.rs,1000000,2024-02-22 17:08:09,Serbia
gorecife.recife.pe.gov.br,1000000,2024-02-22 15:07:21,Brazil
guanajuato.gob.mx,1000000,2024-02-22 14:11:17,Mexico
id.gov.et,1000000,2024-02-22 14:09:06,Ethiopia
immigration.gov.mn,1000000,2024-02-22 15:42:21,Mongolia
intranet.saude.prefeitura.sp.gov.br,1000000,2024-02-22 14:32:58,Brazil
licencias.tabasco.gob.mx,1000000,2024-02-22 17:59:10,Mexico
matricula.juazeiro.ba.gov.br,1000000,2024-02-22 18:22:21,Brazil
mcontreras.gob.mx,1000000,2024-02-22 13:13:35,Mexico
metbugat.gov.tm,1000000,2024-02-22 13:28:26,Turkmenistan
midefensa.mpdpjujuy.gob.ar,1000000,2024-02-22 17:00:50,Argentina
mis.nth.gov.in,1000000,2024-02-22 17:21:00,India
musaviredanisin.ticaret.gov.tr,1000000,2024-02-22 13:06:38,Turkey
www.bibliotecadigitaldebogota.gov.co,1000000,2024-02-22 10:27:17,Colombia
www.training.nih.gov,1000000,2024-02-22 12:02:58,United States of America
www.feesfree.govt.nz,1000000,2024-02-22 16:48:41,New Zealand
nga.gov.au,1000000,2024-02-22 12:55:57,Australia
www.great.gov.uk,1000000,2024-02-22 11:44:21,United Kingdom
nepalpolice.gov.np,1000000,2024-02-22 14:33:12,Nepal
novosolar.defensoria.df.gov.br,1000000,2024-02-22 10:52:49,Brazil
orcps.salud.pr.gov,1000000,2024-02-22 11:57:36,United States of America
parkstay.dbca.wa.gov.au,1000000,2024-02-22 09:48:29,Australia
pled.pjm.gob.ar,1000000,2024-02-22 11:02:45,Argentina
portail-creteil.colibris.education.gouv.fr,1000000,2024-02-22 11:34:46,France
portail-versailles.colibris.education.gouv.fr,1000000,2024-02-22 09:47:51,France
portail.colibris.education.gouv.fr,1000000,2024-02-22 16:16:02,France
praia.embaixadaportugal.mne.gov.pt,1000000,2024-02-22 17:08:46,Portugal
previsionsocial.gob.cl,1000000,2024-02-22 13:31:31,Chile
priority.ktimatologio.gov.gr,1000000,2024-02-22 11:38:25,Greece
rds.mova.gov.ua,1000000,2024-02-22 15:59:40,Ukraine
resmor.cesmorelos.gob.mx,1000000,2024-02-22 10:24:25,Mexico
shailoo.gov.kg,1000000,2024-02-22 09:37:19,Kyrgyzstan
sig.cetam.am.gov.br,1000000,2024-02-22 15:35:02,Brazil
siga.semar.pi.gov.br,1000000,2024-02-22 10:07:38,Brazil
stemgateway.nasa.gov,1000000,2024-02-22 15:33:02,United States of America
suap.camaragyn.go.gov.br,1000000,2024-02-22 17:47:15,Brazil
trackdechets.beta.gouv.fr,1000000,2024-02-22 18:23:26,France
turecibo.tdf.gob.ar,1000000,2024-02-22 13:35:17,Argentina
uttarakhandpolice.uk.gov.in,1000000,2024-02-22 16:24:18,India
vacinaeconfia.es.gov.br,1000000,2024-02-22 18:25:08,Brazil
webmail.mo.gov,1000000,2024-02-22 15:06:49,United States of America
www.cabo.pe.gov.br,1000000,2024-02-22 16:05:19,Brazil
www.dtekerala.gov.in,1000000,2024-02-22 14:20:28,India
www.generalroca.gov.ar,1000000,2024-02-22 12:06:00,Argentina
www.hssgm.gov.tr,1000000,2024-02-22 15:44:19,Turkey
www.mrs.beta.gouv.fr,1000000,2024-02-22 13:42:03,France
www.sicee.gob.mx,1000000,2024-02-22 12:30:00,Mexico
www.to.pima.gov,1000000,2024-02-22 12:48:48,United States of America
webarchiveweb.bac-lac.canada.ca,5000000,2024-03-31 18:06:06,Canada
apoioaoensinosuperior.azores.gov.pt,5000000,2024-03-10 07:46:01,Portugal
careadvice.buckinghamshire.gov.uk,5000000,2024-03-10 06:01:00,United Kingdom
aulavirtual.pddh.gob.sv,5000000,2024-03-10 06:12:57,El Salvador
bagmati.nepalpolice.gov.np,5000000,2024-03-10 04:33:37,Nepal
camararussas.ce.gov.br,5000000,2024-03-10 05:08:46,Brazil
cib.nepalpolice.gov.np,5000000,2024-03-10 06:02:48,Nepal
coe.jujuy.gob.ar,5000000,2024-03-10 04:27:13,Argentina
connexion-versailles.colibris.education.gouv.fr,5000000,2024-03-10 02:20:52,France
data.enseignementsup-recherche.gouv.fr,5000000,2024-03-10 00:47:20,France
declara.cdmx.gob.mx,5000000,2024-03-10 07:23:53,Mexico
dtybs.ticaret.gov.tr,5000000,2024-03-10 01:26:01,Turkey
lda.senate.gov,5000000,2024-03-10 01:12:19,United States of America
learn.education.gov.il,5000000,2024-03-10 07:40:03,Israel
panexams.moec.gov.cy,5000000,2024-03-10 10:27:09,Cyprus
rioceballos.gob.ar,5000000,2024-03-10 03:59:02,Argentina
www.ea.govt.nz,5000000,2024-03-10 08:35:04,New Zealand
caetes.pe.gov.br,5000000,2024-03-10 19:47:10,Brazil
territorystories.nt.gov.au,5000000,2024-03-10 17:29:02,Australia
loeu.opsu.gob.ve,5000000,2024-03-10 00:42:44,Venezuela (Bolivarian Republic of)
ma-cantine.agriculture.gouv.fr,5000000,2024-03-10 09:11:50,France
mcaa.gov.mn,5000000,2024-03-10 04:00:47,Mongolia
minerals.gov.kz,5000000,2024-03-10 00:13:41,Kazakhstan
nph.nepalpolice.gov.np,5000000,2024-03-10 08:34:23,Nepal
portail-aix-marseille.colibris.education.gouv.fr,5000000,2024-03-10 03:14:54,France
portail-nantes.colibris.education.gouv.fr,5000000,2024-03-10 10:19:53,France
refis.palmas.to.gov.br,5000000,2024-03-10 06:02:13,Brazil
reg.energyrating.gov.au,5000000,2024-03-09 23:23:46,Australia
servicos.sp.gov.br,5000000,2024-03-10 10:00:48,Brazil
sierralii.gov.sl,5000000,2024-03-10 04:38:29,Sierra Leone
study.nazk.gov.ua,5000000,2024-03-10 02:25:38,Ukraine
subastas.jusentrerios.gob.ar,5000000,2024-03-10 08:33:11,Argentina
surveillance.cancer.gov,5000000,2024-03-10 01:33:19,United States of America
vivienda.meta.gov.co,5000000,2024-03-09 23:16:35,Colombia
www.aneaes.gov.py,5000000,2024-03-10 02:47:15,Paraguay
ame.sstabasco.gob.mx,5000000,2024-03-10 19:56:05,Mexico
arit.gov.vn,5000000,2024-03-10 14:26:10,Viet Nam
atena.see.ac.gov.br,5000000,2024-03-10 12:17:36,Brazil
cbccvc.daklak.gov.vn,5000000,2024-03-10 20:36:57,Viet Nam
communaute.inclusion.beta.gouv.fr,5000000,2024-03-10 16:07:46,France
comunitario.palmas.to.gov.br,5000000,2024-03-10 21:24:21,Brazil
convergence.esante.gouv.fr,5000000,2024-03-10 21:18:12,France
data.gov.lt,5000000,2024-03-10 16:24:08,Lithuania
distalep.ticaret.gov.tr,5000000,2024-03-10 15:20:24,Turkey
eu.gcba.gob.ar,5000000,2024-03-10 13:55:37,Argentina
his.hmis.moh.gov.rw,5000000,2024-03-10 11:22:03,Rwanda
iptu.palmas.to.gov.br,5000000,2024-03-10 16:42:32,Brazil
lumbini.nepalpolice.gov.np,5000000,2024-03-10 15:58:44,Nepal
moci.gov.kw,5000000,2024-03-10 20:30:32,Kuwait
modulos.plataformamaisbrasil.gov.br,5000000,2024-03-10 12:01:44,Brazil
mof.gandaki.gov.np,5000000,2024-03-10 11:32:31,Nepal
oertx.highered.texas.gov,5000000,2024-03-10 17:58:21,United States of America
parichay.analytics.gov.in,5000000,2024-03-10 20:26:14,India
pod.phm.education.gouv.fr,5000000,2024-03-10 11:48:29,France
portail-nice.colibris.education.gouv.fr,5000000,2024-03-10 11:15:17,France
projects.karnali.gov.np,5000000,2024-03-10 20:32:13,Nepal
registro.artesanos.gob.ec,5000000,2024-03-10 21:22:56,Ecuador
sig.cdmx.gob.mx,5000000,2024-03-10 20:06:47,Mexico
sim.villaconstitucion.gob.ar,5000000,2024-03-10 20:42:45,Argentina
siremin.lapaz.gob.bo,5000000,2024-03-10 18:44:35,Bolivia
sirm.ciudadmujer.gob.hn,5000000,2024-03-10 12:50:15,Honduras
sisedu.seduc.ce.gov.br,5000000,2024-03-10 19:39:16,Brazil
swoo.cwa.gov.tw,5000000,2024-03-10 17:39:21,Taiwan
www.fina.gov.pl,5000000,2024-03-10 18:53:53,Poland
beta.nationalarchives.gov.uk,5000000,2024-03-11 07:51:51,United Kingdom
foreign.gov.tt,5000000,2024-03-11 07:08:07,Trinidad and Tobago
lgps.buckinghamshire.gov.uk,5000000,2024-03-11 02:58:18,United Kingdom
lpdaac.usgs.gov,5000000,2024-03-11 00:48:00,United States of America
mt.media.gov.gr,5000000,2024-03-11 00:55:14,Greece
lemarche.inclusion.beta.gouv.fr,5000000,2024-03-11 03:28:39,France
www.discoveruni.gov.uk,5000000,2024-03-11 02:48:22,United Kingdom
tour.klcg.gov.tw,5000000,2024-03-10 20:24:58,Taiwan
tranc.mincit.gov.co,5000000,2024-03-10 20:31:43,Colombia
wlresources.dpi.wi.gov,5000000,2024-03-10 16:43:10,United States of America
www.antigoportaldoservidor.ba.gov.br,5000000,2024-03-10 11:15:43,Brazil
www.guanajuato.gob.mx,5000000,2024-03-10 13:51:14,Mexico
www.policia.chubut.gov.ar,5000000,2024-03-10 20:43:17,Argentina
www.teveandina.gov.co,5000000,2024-03-10 21:25:58,Colombia
accounts.waterdata.usgs.gov,5000000,2024-03-11 00:03:22,United States of America
alvara.palmas.to.gov.br,5000000,2024-03-11 03:33:07,Brazil
aportantes.electoral.gob.ar,5000000,2024-03-11 05:57:34,Argentina
astrobiology.nasa.gov,5000000,2024-03-11 07:09:47,United States of America
bolsas.azores.gov.pt,5000000,2024-03-11 09:10:16,Portugal
cabildonacional.cultura.gob.ar,5000000,2024-03-11 06:18:05,Argentina
cartorios.seade.gov.br,5000000,2024-03-11 04:44:21,Brazil
data.ballarat.vic.gov.au,5000000,2024-03-11 06:54:56,Australia
diarias.sp.gov.br,5000000,2024-03-11 01:57:38,Brazil
edki.gov.ua,5000000,2024-03-11 09:20:04,Ukraine
gobiernoabierto.cordoba.gob.ar,5000000,2024-03-11 02:43:45,Argentina
inheritance.dc-rangamati.gov.bd,5000000,2024-03-11 03:21:30,Bangladesh
modernslaveryregister.gov.au,5000000,2024-03-11 00:03:31,Australia
museoartedecorativo.cultura.gob.ar,5000000,2024-03-11 01:12:32,Argentina
museoroca.cultura.gob.ar,5000000,2024-03-11 07:01:00,Argentina
nrtamils.tn.gov.in,5000000,2024-03-11 06:25:46,India
pmp.mpva.go.kr,5000000,2024-03-11 06:45:22,South Korea
portail-nancy-metz.colibris.education.gouv.fr,5000000,2024-03-11 05:52:31,France
registros.mcontreras.gob.mx,5000000,2024-03-11 00:22:56,Mexico
roads.lewiscountywa.gov,5000000,2024-03-11 03:24:36,United States of America
sanmartiniano.cultura.gob.ar,5000000,2024-03-11 03:10:26,Argentina
sayit.pdis.nat.gov.tw,5000000,2024-03-11 05:54:57,Taiwan
support.migration.gov.gr,5000000,2024-03-11 05:04:15,Greece
www.data.gov.bh,5000000,2024-03-11 05:18:18,Bahrain
www.ifs.tas.gov.au,5000000,2024-03-11 05:50:39,Australia
www.ioc.gov.ua,5000000,2024-03-11 07:18:25,Ukraine
aimsmohali.punjab.gov.in,5000000,2024-03-11 10:52:12,India
campaignresources.dhsc.gov.uk,5000000,2024-03-11 19:42:00,United Kingdom
nightsky.jpl.nasa.gov,5000000,2024-03-11 19:00:55,United States of America
www.mcaa.gov.mn,5000000,2024-03-11 09:03:31,Mongolia
www.rsco2.ct.gov,5000000,2024-03-11 05:04:23,United States of America
acceslibre.beta.gouv.fr,5000000,2024-03-11 12:54:40,France
aed.tn.gov.in,5000000,2024-03-11 20:28:46,India
begup.jujuy.gob.ar,5000000,2024-03-11 20:08:41,Argentina
biolincc.nhlbi.nih.gov,5000000,2024-03-11 13:32:45,United States of America
cci.artesp.sp.gov.br,5000000,2024-03-11 20:00:49,Brazil
celularseguro.ssp.am.gov.br,5000000,2024-03-11 15:04:34,Brazil
certidao.palmas.to.gov.br,5000000,2024-03-11 11:38:24,Brazil
cursos.ss.pue.gob.mx,5000000,2024-03-11 10:44:10,Mexico
cursosvirtuales.gestionderiesgos.gob.ec,5000000,2024-03-11 13:25:42,Ecuador
data.jerseycitynj.gov,5000000,2024-03-11 14:41:48,United States of America
desenvolve.novafriburgo.rj.gov.br,5000000,2024-03-11 17:50:45,Brazil
dev-sieg.cdmx.gob.mx,5000000,2024-03-11 14:02:55,Mexico
diresamdd.gob.pe,5000000,2024-03-11 20:36:45,Peru
gandaki.nepalpolice.gov.np,5000000,2024-03-11 13:55:34,Nepal
gec.courrier.gov.gn,5000000,2024-03-11 16:45:42,Guinea
hdc.gov.mn,5000000,2024-03-11 11:29:55,Mongolia
jppartners.meripehchaan.gov.in,5000000,2024-03-11 11:16:30,India
museodelacuerdo.cultura.gob.ar,5000000,2024-03-11 10:29:16,Argentina
nmilayathalam.tn.gov.in,5000000,2024-03-11 15:05:37,India
opms.emb.gov.ph,5000000,2024-03-11 18:46:21,Philippines
osp.gov.gh,5000000,2024-03-11 14:32:56,Ghana
portail-lyon.colibris.education.gouv.fr,5000000,2024-03-11 14:33:51,France
pro.tucsonaz.gov,5000000,2024-03-11 16:01:26,United States of America
segobtab.gob.mx,5000000,2024-03-11 15:26:41,Mexico
siga.meioambiente.go.gov.br,5000000,2024-03-11 15:45:46,Brazil
socialwelfare.mn.gov.in,5000000,2024-03-11 11:28:13,India
traffic.nepalpolice.gov.np,5000000,2024-03-11 13:06:26,Nepal
transparencia.gov.pt,5000000,2024-03-11 12:59:58,Portugal
www.academiabogotaproductiva.gov.co,5000000,2024-03-11 12:42:15,Colombia
www.cecon.pe.gov.br,5000000,2024-03-11 19:30:06,Brazil
www.qkb.gov.al,5000000,2024-03-11 12:43:25,Albania
www.scs.sed.sc.gov.br,5000000,2024-03-11 19:45:07,Brazil
antoanthucpham.danang.gov.vn,5000000,2024-03-12 07:38:08,Viet Nam
apfs-cloud.dhs.gov,5000000,2024-03-12 02:24:45,United States of America
asdc.larc.nasa.gov,5000000,2024-03-12 05:44:51,United States of America
www.classificationoffice.govt.nz,5000000,2024-03-12 05:28:26,New Zealand
www.eiticolombia.gov.co,5000000,2024-03-12 07:45:08,Colombia
familyinfo.buckinghamshire.gov.uk,5000000,2024-03-12 16:48:47,United Kingdom
forest.punjab.gov.in,5000000,2024-03-12 12:33:09,India
bibliotecadigitaldebogota.gov.co,5000000,2024-03-12 09:35:47,Colombia
cid.nepalpolice.gov.np,5000000,2024-03-12 05:18:48,Nepal
cofoce.guanajuato.gob.mx,5000000,2024-03-12 00:15:39,Mexico
constancianoinhabilitacion.tabasco.gob.mx,5000000,2024-03-12 02:43:15,Mexico
data.culture.gouv.fr,5000000,2024-03-12 07:05:55,France
etraining.moe.gov.sa,5000000,2024-03-12 05:18:50,Saudi Arabia
inet.inmegen.gob.mx,5000000,2024-03-11 23:16:31,Mexico
infoactivos.tunja.gov.co,5000000,2024-03-11 23:46:09,Colombia
lk.minjust.gov.ru,5000000,2024-03-12 06:45:12,Russian Federation (the)
madhesh.nepalpolice.gov.np,5000000,2024-03-12 04:23:35,Nepal
mohp.lumbini.gov.np,5000000,2024-03-12 04:54:02,Nepal
moial.lumbini.gov.np,5000000,2024-03-12 03:49:39,Nepal
museosarmiento.cultura.gob.ar,5000000,2024-03-11 23:09:10,Argentina
online.sakpatenti.gov.ge,5000000,2024-03-12 05:02:39,Georgia
ouvidoria.palmas.to.gov.br,5000000,2024-03-12 08:36:08,Brazil
planejamento.sp.gov.br,5000000,2024-03-12 01:44:01,Brazil
portail-dijon.colibris.education.gouv.fr,5000000,2024-03-12 00:03:49,France
portail-grenoble.colibris.education.gouv.fr,5000000,2024-03-12 06:28:17,France
portail-lille.colibris.education.gouv.fr,5000000,2024-03-12 00:52:28,France
sso.salvador.ba.gov.br,5000000,2024-03-12 07:13:24,Brazil
studio.campus.gov.il,5000000,2024-03-12 03:08:21,Israel
suparco.gov.pk,5000000,2024-03-11 23:07:04,Pakistan
tnsdg.tn.gov.in,5000000,2024-03-12 06:11:09,India
tramites.tabasco.gob.mx,5000000,2024-03-12 03:42:53,Mexico
tramitesyservicios.bcs.gob.mx,5000000,2024-03-12 03:13:37,Mexico
transparencia2.pi.gov.br,5000000,2024-03-12 08:05:10,Brazil
wrd.mn.gov.in,5000000,2024-03-12 04:03:01,India
www.docline.gov,5000000,2024-03-12 07:51:27,United States of America
www.mofed.gov.et,5000000,2024-03-12 06:28:21,Ethiopia
www2.ugelsanmiguel.gob.pe,5000000,2024-03-12 08:07:07,Peru
apcmrf.ap.gov.in,5000000,2024-03-12 16:29:51,India
book.parksaustralia.gov.au,5000000,2024-03-12 14:29:41,Australia
caievs.palmas.to.gov.br,5000000,2024-03-12 14:46:14,Brazil
doctracklite.buplant.da.gov.ph,5000000,2024-03-12 16:17:08,Philippines
dptc.pc.pi.gov.br,5000000,2024-03-12 16:32:19,Brazil
formation.tgr.gov.ma,5000000,2024-03-12 09:09:08,Morocco
ipass20.spa.gov.my,5000000,2024-03-12 11:27:57,Malaysia
kioscodigital.guanajuato.gob.mx,5000000,2024-03-12 12:30:37,Mexico
ktmvalley.nepalpolice.gov.np,5000000,2024-03-12 09:23:22,Nepal
nauka.gov.ua,5000000,2024-03-12 16:05:00,Ukraine
jobs.buckinghamshire.gov.uk,5000000,2024-03-13 15:06:49,United Kingdom
www-robotics.jpl.nasa.gov,5000000,2024-03-12 10:42:16,United States of America
www.dz.urz.mon.gov.pl,5000000,2024-03-12 17:28:33,Poland
licencias.pilcaya.gob.mx,5000000,2024-03-12 10:44:02,Mexico
molmac.lumbini.gov.np,5000000,2024-03-12 09:31:51,Nepal
natal.novafriburgo.rj.gov.br,5000000,2024-03-12 13:06:52,Brazil
oampublic.senate.gov,5000000,2024-03-12 12:40:11,United States of America
ocmcm.lumbini.gov.np,5000000,2024-03-12 16:53:50,Nepal
portaldatransparencia.cabo.pe.gov.br,5000000,2024-03-12 13:47:49,Brazil
rbsimplificado.riobranco.ac.gov.br,5000000,2024-03-12 16:00:00,Brazil
resolve.palmas.to.gov.br,5000000,2024-03-12 15:14:32,Brazil
sielho.iaip.gob.hn,5000000,2024-03-12 12:00:05,Honduras
softwarepublico.gov.br,5000000,2024-03-12 15:57:24,Brazil
subastas.justicialapampa.gob.ar,5000000,2024-03-12 10:11:17,Argentina
subastas.justiciasanluis.gov.ar,5000000,2024-03-12 16:12:41,Argentina
turnero.santarosa.gob.ar,5000000,2024-03-12 17:23:06,Argentina
unicapenlinea.mp.gob.gt,5000000,2024-03-12 13:26:25,Guatemala
verifica.guanajuato.gob.mx,5000000,2024-03-12 14:35:12,Mexico
wnioski.gunb.gov.pl,5000000,2024-03-12 13:37:53,Poland
www.check-eligibility-for-gb-insulation-scheme.service.gov.uk,5000000,2024-03-12 12:37:40,United Kingdom
www.fomento.to.gov.br,5000000,2024-03-12 08:58:28,Brazil
www.inmegen.gob.mx,5000000,2024-03-12 17:55:57,Mexico
www.lgm.gov.ly,5000000,2024-03-12 15:46:16,Libya
www.makeaplea.service.gov.uk,5000000,2024-03-12 09:57:49,United Kingdom
www.minciencia.gob.cl,5000000,2024-03-12 10:39:39,Chile
www.nemi.gov,5000000,2024-03-12 14:20:15,United States of America
www.saomarcos.rs.gov.br,5000000,2024-03-12 10:07:58,Brazil
www.serrana.sp.gov.br,5000000,2024-03-12 17:07:20,Brazil
www.sigapi.invisbu.gov.co,5000000,2024-03-12 13:18:31,Colombia
account.gov.mo,5000000,2024-03-13 22:43:01,Macao
cabinet.se.diia.gov.ua,5000000,2024-03-13 22:14:19,Ukraine
capacitacion.ss.pue.gob.mx,5000000,2024-03-13 20:56:16,Mexico
cimi.gov.tn,5000000,2024-03-13 15:42:29,Tunisia
correspondencia.sstabasco.gob.mx,5000000,2024-03-13 14:28:24,Mexico
data.economie.gouv.fr,5000000,2024-03-13 18:28:43,France
data.education.gouv.fr,5000000,2024-03-13 21:49:22,France
datos.villamaria.gob.ar,5000000,2024-03-13 18:49:20,Argentina
dnpwc.gov.np,5000000,2024-03-13 18:53:46,Nepal
e-catalog.gov.kz,5000000,2024-03-13 14:56:14,Kazakhstan
effis.jrc.ec.europa.eu,5000000,2024-03-13 23:10:39,EU
forms.nlc.gov.np,5000000,2024-03-13 23:17:37,Nepal
geoportal.idesa.gob.ar,5000000,2024-03-13 22:00:49,Argentina
gscscl.gujarat.gov.in,5000000,2024-03-13 16:37:39,India
mad3.regioncajamarca.gob.pe,5000000,2024-03-13 21:57:05,Peru
manzanadelasluces.cultura.gob.ar,5000000,2024-03-13 15:25:04,Argentina
minciencia.gob.cl,5000000,2024-03-13 22:41:46,Chile
minedu.gov.cv,5000000,2024-03-13 22:53:31,Cape Verde
museourquiza.cultura.gob.ar,5000000,2024-03-13 21:55:25,Argentina
notapremiada.palmas.to.gov.br,5000000,2024-03-13 19:39:17,Brazil
portail-orleans-tours.colibris.education.gouv.fr,5000000,2024-03-13 14:12:21,France
prefeitura.cabo.pe.gov.br,5000000,2024-03-13 17:36:46,Brazil
processo.palmas.to.gov.br,5000000,2024-03-13 15:20:23,Brazil
progressreport.cancer.gov,5000000,2024-03-13 22:52:24,United States of America
rantevou.kep.gov.gr,5000000,2024-03-13 23:25:47,Greece
sagest.epunemi.gob.ec,5000000,2024-03-13 16:25:12,Ecuador
www.agsa.sa.gov.au,5000000,2024-03-13 17:21:20,Australia
www.anh.gov.co,5000000,2024-03-13 15:14:13,Colombia
discoveruni.gov.uk,5000000,2024-03-14 09:00:15,United Kingdom
rodzinaipraca.gov.pl,5000000,2024-03-14 12:44:17,Poland
www.atv.gob.ec,5000000,2024-03-13 17:29:30,Ecuador
www.dgc.chubut.gov.ar,5000000,2024-03-13 15:33:34,Argentina
www.fvs.am.gov.br,5000000,2024-03-13 23:23:56,Brazil
www.hdc.gov.mn,5000000,2024-03-13 20:42:53,Mongolia
www.leg.mt.gov,5000000,2024-03-13 21:18:03,United States of America
www.riscajamarca.gob.pe,5000000,2024-03-13 19:35:40,Peru
www.sakpatenti.gov.ge,5000000,2024-03-13 22:13:12,Georgia
bhoonidhi.nrsc.gov.in,5000000,2024-03-14 06:42:53,India
ccponline.palmas.to.gov.br,5000000,2024-03-14 10:46:06,Brazil
conticexisto.meta.gov.co,5000000,2024-03-14 09:51:42,Colombia
digital.mineduc.gob.gt,5000000,2024-03-14 05:18:11,Guatemala
emba.quilmes.gov.ar,5000000,2024-03-14 13:08:12,Argentina
entrepot.recherche.data.gouv.fr,5000000,2024-03-14 04:47:41,France
geo.palmas.to.gov.br,5000000,2024-03-14 08:37:08,Brazil
koshi.nepalpolice.gov.np,5000000,2024-03-14 07:49:23,Nepal
mosd.lumbini.gov.np,5000000,2024-03-14 09:58:24,Nepal
museohistoriconacional.cultura.gob.ar,5000000,2024-03-14 07:36:58,Argentina
opencoesione.gov.it,5000000,2024-03-14 07:37:27,Italy
parliament.gov.uz,5000000,2024-03-14 10:35:51,Uzbekistan
portail-besancon.colibris.education.gouv.fr,5000000,2024-03-14 09:42:27,France
portail-la-reunion.colibris.education.gouv.fr,5000000,2024-03-14 11:31:06,France
portail-montpellier.colibris.education.gouv.fr,5000000,2024-03-14 13:44:31,France
portail-rse.beta.gouv.fr,5000000,2024-03-14 13:28:40,France
sbs.tvgfbf.gov.tr,5000000,2024-03-14 06:37:18,Turkey
services.ibls.moea.gov.bt,5000000,2024-03-14 08:11:57,Bhutan
suap.ibc.gov.br,5000000,2024-03-14 06:40:32,Brazil
trade.parksaustralia.gov.au,5000000,2024-03-14 08:58:52,Australia
water.phila.gov,5000000,2024-03-14 14:54:34,United States of America
www.cam.gov.co,5000000,2024-03-14 14:25:28,Colombia
www.data.economie.gouv.fr,5000000,2024-03-14 13:14:09,France
www.data.gov.qa,5000000,2024-03-14 09:31:40,Qatar
www.dptc.pc.pi.gov.br,5000000,2024-03-14 15:01:49,Brazil
science.jpl.nasa.gov,5000000,2024-03-14 22:21:29,United States of America
adbl.gov.np,5000000,2024-03-15 15:29:57,Nepal
www.transparence.sante.gouv.fr,5000000,2024-03-14 14:04:06,France
yoshlar.gov.uz,5000000,2024-03-14 06:50:08,Uzbekistan
ehrpinspection.nra.gov.np,5000000,2024-03-14 23:21:48,Nepal
elijovacunarme.chaco.gob.ar,5000000,2024-03-14 20:56:46,Argentina
employeeportal.barnsley.gov.uk,5000000,2024-03-14 20:41:19,United Kingdom
escritorio.colpensiones.gov.co,5000000,2024-03-14 23:19:11,Colombia
firmasegura.meta.gov.co,5000000,2024-03-15 01:19:58,Colombia
geo.gob.bo,5000000,2024-03-14 20:58:36,Bolivia
inventariosen.dane.gov.co,5000000,2024-03-15 04:07:33,Colombia
jornada.sejus.df.gov.br,5000000,2024-03-14 23:10:47,Brazil
maisvacina.saude.rn.gov.br,5000000,2024-03-15 01:49:18,Brazil
meet.video.justice.gov.uk,5000000,2024-03-14 19:41:24,United Kingdom
noise.hackney.gov.uk,5000000,2024-03-14 23:32:46,United Kingdom
pep.sgh.saude.rn.gov.br,5000000,2024-03-15 02:05:25,Brazil
portail-paris.colibris.education.gouv.fr,5000000,2024-03-15 00:12:42,France
portail-toulouse.colibris.education.gouv.fr,5000000,2024-03-15 01:36:41,France
portalantigo.palmas.to.gov.br,5000000,2024-03-14 21:22:59,Brazil
profi.dcz.gov.ua,5000000,2024-03-15 01:33:16,Ukraine
sepultados.sorocaba.sp.gov.br,5000000,2024-03-15 02:19:49,Brazil
services.cgbdsydney.gov.bd,5000000,2024-03-14 22:49:46,Bangladesh
smartstart.services.govt.nz,5000000,2024-03-15 01:59:03,New Zealand
webform.gdnn.gov.vn,5000000,2024-03-14 23:21:00,Viet Nam
www.pada.gov.kw,5000000,2024-03-15 01:37:31,Kuwait
www.regioncajamarca.gob.pe,5000000,2024-03-15 02:42:28,Peru
acreditacioninvestigadores.senescyt.gob.ec,5000000,2024-03-15 12:03:43,Ecuador
aidantsconnect.beta.gouv.fr,5000000,2024-03-15 09:57:40,France
alerta.ina.gob.ar,5000000,2024-03-15 10:58:29,Argentina
apex2.publicworks.gov.gy,5000000,2024-03-15 07:19:42,Guyana
www.bulnao.government.bg,5000000,2024-03-15 11:29:17,Bulgaria
camaraiguatu.ce.gov.br,5000000,2024-03-15 15:07:24,Brazil
camararedencao.ce.gov.br,5000000,2024-03-15 07:15:43,Brazil
casadelaindependencia.cultura.gob.ar,5000000,2024-03-15 13:52:17,Argentina
consultas.munilince.gob.pe,5000000,2024-03-15 10:31:30,Peru
contrataciones.chihuahua.gob.mx,5000000,2024-03-15 07:16:45,Mexico
data.bus-data.dft.gov.uk,5000000,2024-03-15 15:29:20,United Kingdom
data.drees.solidarites-sante.gouv.fr,5000000,2024-03-15 06:46:09,France
dtekerala.gov.in,5000000,2024-03-15 09:45:08,India
edpm.dc.gov,5000000,2024-03-15 12:50:53,United States of America
emkeepee.tee.gov.gr,5000000,2024-03-15 14:13:39,Greece
gobiernosimonbolivar.gob.ec,5000000,2024-03-15 09:47:02,Ecuador
missaoverde.fortaleza.ce.gov.br,5000000,2024-03-15 09:26:51,Brazil
morud.lumbini.gov.np,5000000,2024-03-15 08:15:26,Nepal
qkkf.gov.al,5000000,2024-03-15 10:51:58,Albania
rctmis.mohe.gov.af,5000000,2024-03-15 10:26:40,Afghanistan
redprovincialdeempleo.mendoza.gov.ar,5000000,2024-03-15 09:48:17,Argentina
sdss.dofps.gov.bt,5000000,2024-03-15 11:17:22,Bhutan
sic.seduc.ce.gov.br,5000000,2024-03-15 13:47:37,Brazil
snc.cultura.gov.br,5000000,2024-03-15 14:49:18,Brazil
staffportal.mpob.gov.my,5000000,2024-03-15 13:43:41,Malaysia
til.gov.uz,5000000,2024-03-15 12:36:44,Uzbekistan
transparencia.sns.gov.pt,5000000,2024-03-15 12:33:13,Portugal
tripulantes.sep.gob.mx,5000000,2024-03-15 13:00:28,Mexico
ucas.economiayfinanzas.gob.bo,5000000,2024-03-15 08:00:17,Bolivia
www.colesco.illinois.gov,5000000,2024-03-15 09:21:31,United States of America
www.kentcountyde.gov,5000000,2024-03-15 14:30:30,United States of America
www.printsandprintmaking.gov.au,5000000,2024-03-15 10:17:35,Australia
www.sejus.pi.gov.br,5000000,2024-03-15 09:17:37,Brazil
cait.gov.kw,10000000,2024-03-18 10:58:53,Kuwait
camarasenadorpompeu.ce.gov.br,10000000,2024-03-18 14:14:08,Brazil
cecoci.chihuahua.gob.mx,10000000,2024-03-18 12:01:01,Mexico
classification.nlm.nih.gov,10000000,2024-03-18 12:30:11,United States of America
cmubajara.ce.gov.br,10000000,2024-03-18 09:03:30,Brazil
convocatorias.regioncajamarca.gob.pe,10000000,2024-03-18 14:19:56,Peru
deuda.ciudaddeoliva.gov.ar,10000000,2024-03-18 09:10:46,Argentina
formarbackend.cultura.gob.ar,10000000,2024-03-18 15:14:18,Argentina
incendios.conabio.gob.mx,10000000,2024-03-18 15:09:19,Mexico
mapasonoro.cultura.gob.mx,10000000,2024-03-18 13:22:41,Mexico
mopd.gov.et,10000000,2024-03-18 14:27:09,Ethiopia
occultation.tug.tubitak.gov.tr,10000000,2024-03-18 14:10:37,Turkey
pge.rn.gov.br,10000000,2024-03-18 14:00:59,Brazil
portail-amiens.colibris.education.gouv.fr,10000000,2024-03-18 09:15:35,France
ricerca-delibere.programmazioneeconomica.gov.it,10000000,2024-03-18 14:36:55,Italy
servicios.puntodigital.gob.ar,10000000,2024-03-18 13:50:04,Argentina
transparence.sante.gouv.fr,10000000,2024-03-18 11:58:37,France
ugeldechota.gob.pe,10000000,2024-03-18 10:59:20,Peru
ugelpomabamba.gob.pe,10000000,2024-03-18 15:04:19,Peru
visorgeo.ambientebogota.gov.co,10000000,2024-03-18 12:54:51,Colombia
wlc.dbca.wa.gov.au,10000000,2024-03-18 14:19:15,Australia
www.aguasmocoa.gov.co,10000000,2024-03-18 11:40:47,Colombia
misr.jpl.nasa.gov,10000000,2024-03-18 23:16:47,United States of America
www.ide.posadas.gob.ar,10000000,2024-03-18 10:09:22,Argentina
www.natotender.gov.hu,10000000,2024-03-18 13:28:59,Hungary
www.pmo.gov.et,10000000,2024-03-18 11:26:37,Ethiopia
www2.disajaen.gob.pe,10000000,2024-03-18 10:28:08,Peru
camaraquixada.ce.gov.br,10000000,2024-03-18 21:21:12,Brazil
geo-backend.inta.gob.ar,10000000,2024-03-18 20:34:41,Argentina
vulyk.gov.ua,10000000,2024-03-18 17:59:57,Ukraine
www.seduc.ro.gov.br,10000000,2024-03-18 21:41:23,Brazil
data.leicester.gov.uk,10000000,2024-03-19 02:51:43,United Kingdom
data.nas.nasa.gov,10000000,2024-03-19 05:24:34,United States of America
i5k.nal.usda.gov,10000000,2024-03-19 04:54:33,United States of America
jobs.lewiscountywa.gov,10000000,2024-03-19 05:04:23,United States of America
stem.idaho.gov,10000000,2024-03-19 05:09:29,United States of America
view-health-screening-recommendations.service.gov.uk,10000000,2024-03-19 08:21:42,United Kingdom
www.cait.gov.kw,10000000,2024-03-19 04:46:29,Kuwait
www.declara.cdmx.gob.mx,10000000,2024-03-19 06:13:00,Mexico
labo.societenumerique.gouv.fr,10000000,2024-03-19 13:11:47,France
www.ruraltransformation.gov.bz,10000000,2024-03-19 15:34:41,Belize
cmu.gov.ru,10000000,2024-03-19 22:57:53,Russian Federation (the)
www.smartgrid.gov,10000000,2024-03-19 08:52:24,United States of America
aplicaciones.metrodebogota.gov.co,10000000,2024-03-19 11:56:55,Colombia
citas.chihuahua.gob.mx,10000000,2024-03-19 12:28:53,Mexico
eje.tsj-tabasco.gob.mx,10000000,2024-03-19 11:50:05,Mexico
idefor.cnf.gob.mx,10000000,2024-03-19 09:56:40,Mexico
ipixuna.am.gov.br,10000000,2024-03-19 11:35:16,Brazil
legislacao.portoalegre.rs.gov.br,10000000,2024-03-19 11:51:25,Brazil
mooring-ria.dbca.wa.gov.au,10000000,2024-03-19 10:06:52,Australia
planningmanipur.gov.in,10000000,2024-03-19 10:33:12,India
pmfellowship.pmo.gov.bd,10000000,2024-03-19 14:17:48,Bangladesh
postular.afi.gob.ar,10000000,2024-03-19 11:09:29,Argentina
sapl.cmsjp.pr.gov.br,10000000,2024-03-19 14:27:30,Brazil
to78.minjust.gov.ru,10000000,2024-03-19 14:20:52,Russian Federation (the)
whereyourmoneygoes.gov.ie,10000000,2024-03-19 10:20:51,Ireland
www.cenditel.gob.ve,10000000,2024-03-19 10:11:53,Venezuela (Bolivarian Republic of)
www.projets-environnement.gouv.fr,10000000,2024-03-19 11:41:42,France
bonustv-decoder.mise.gov.it,10000000,2024-03-19 17:52:10,Italy
camarapiquetcarneiro.ce.gov.br,10000000,2024-03-19 19:23:09,Brazil
centrodeartesonoro.cultura.gob.ar,10000000,2024-03-19 17:59:39,Argentina
data.melbourne.vic.gov.au,10000000,2024-03-19 19:37:23,Australia
ida.lumbini.gov.np,10000000,2024-03-19 21:54:12,Nepal
inapl.cultura.gob.ar,10000000,2024-03-19 21:34:35,Argentina
isconnect.esante.gouv.fr,10000000,2024-03-19 21:55:20,France
lab.emb.gov.ph,10000000,2024-03-19 22:06:29,Philippines
multimedia.fbi.gov,10000000,2024-03-19 21:44:46,United States of America
museodeltraje.cultura.gob.ar,10000000,2024-03-19 20:24:28,Argentina
portail-guyane.colibris.education.gouv.fr,10000000,2024-03-19 19:52:07,France
portail-normandie.colibris.education.gouv.fr,10000000,2024-03-19 19:53:33,France
portail-poitiers.colibris.education.gouv.fr,10000000,2024-03-19 17:46:06,France
ppc.lumbini.gov.np,10000000,2024-03-19 17:00:11,Nepal
regulacao.saude.rn.gov.br,10000000,2024-03-19 19:19:00,Brazil
sieg.cdmx.gob.mx,10000000,2024-03-19 17:38:11,Mexico
social.te.gov.ua,10000000,2024-03-19 20:00:58,Ukraine
tep.mlgrd.gov.bz,10000000,2024-03-19 17:33:14,Belize
to34.minjust.gov.ru,10000000,2024-03-19 22:31:24,Russian Federation (the)
to50.minjust.gov.ru,10000000,2024-03-19 18:52:59,Russian Federation (the)
registry.nauka.gov.ua,10000000,2024-03-20 09:21:03,Ukraine
ukrdiaspora.nauka.gov.ua,10000000,2024-03-20 12:15:13,Ukraine
clintonok.gov,10000000,2024-03-21 02:22:11,United States of America
portal.noc.gov.ru,10000000,2024-03-21 01:50:46,Russian Federation (the)
www.pngmet.gov.pg,10000000,2024-03-20 21:32:35,Papua New Guinea
www.tmp.govt.nz,10000000,2024-03-21 00:27:20,New Zealand
greencastlepa.gov,10000000,2024-03-20 12:57:34,United States of America
casanatalsarmiento.cultura.gob.ar,10000000,2024-03-20 11:54:46,Argentina
demo.emplois.inclusion.beta.gouv.fr,10000000,2024-03-20 07:09:03,France
finance.mida.gov.my,10000000,2024-03-20 12:30:52,Malaysia
mesads.beta.gouv.fr,10000000,2024-03-20 08:07:47,France
pesquisaescolar.fundaj.gov.br,10000000,2024-03-20 12:05:13,Brazil
portail-polynesie.colibris.education.gouv.fr,10000000,2024-03-20 10:30:06,France
www.construction.gov.tm,10000000,2024-03-20 07:16:15,Turkmenistan
ahtb.nepalpolice.gov.np,10000000,2024-03-20 21:11:07,Nepal
air.gov.ge,10000000,2024-03-21 00:22:21,Georgia
bdm.stat.gov.pl,10000000,2024-03-21 02:01:55,Poland
camaraboaviagem.ce.gov.br,10000000,2024-03-21 02:23:02,Brazil
camaratiangua.ce.gov.br,10000000,2024-03-20 21:55:12,Brazil
denunciasfia.mpf.gob.ar,10000000,2024-03-20 22:30:18,Argentina
envergo.beta.gouv.fr,10000000,2024-03-20 22:38:20,France
forest.jrc.ec.europa.eu,10000000,2024-03-20 22:16:46,EU
geomaps.anp.gov.br,10000000,2024-03-20 21:59:41,Brazil
hdpulse.nimhd.nih.gov,10000000,2024-03-21 01:54:42,United States of America
inviertaencuba.mincex.gob.cu,10000000,2024-03-20 23:14:31,Cuba
mlunivrada.rv.gov.ua,10000000,2024-03-21 03:13:48,Ukraine
portail-reims.colibris.education.gouv.fr,10000000,2024-03-21 00:27:12,France
registro.artesanos.gob.ec,10000000,2024-03-20 23:08:33,Ecuador
soil.narc.gov.np,10000000,2024-03-21 02:42:53,Nepal
www.drtccajamarca.gob.pe,10000000,2024-03-21 00:33:58,Peru
www.mcf.gov.in,10000000,2024-03-21 01:53:05,India
apuntate.empleabilidad.gob.pe,10000000,2024-03-21 05:24:39,Peru
bg.adbl.gov.np,10000000,2024-03-21 08:36:46,Nepal
responsiblegambling.vic.gov.au,10000000,2024-03-21 07:29:36,Australia
www.data.gov.tn,10000000,2024-03-22 13:09:36,Tunisia
edrn.nci.nih.gov,10000000,2024-03-22 20:32:09,United States of America
nri.punjab.gov.in,10000000,2024-03-23 01:00:29,India
paranatama.pe.gov.br,10000000,2024-03-22 23:07:16,Brazil
ocov2.jpl.nasa.gov,10000000,2024-03-21 05:17:00,United States of America
rieh.mec.gov.br,10000000,2024-03-21 07:21:17,Brazil
data.gov.tn,10000000,2024-03-23 01:20:02,Tunisia
geoagri.da.gov.ph,10000000,2024-03-21 07:44:28,Philippines
geoportal.obraspublicas.gob.ar,10000000,2024-03-21 09:38:02,Argentina
pdr.e-transport.gov.ua,10000000,2024-03-21 05:33:26,Ukraine
portail-clermont.colibris.education.gouv.fr,10000000,2024-03-21 10:05:03,France
portail-martinique.colibris.education.gouv.fr,10000000,2024-03-21 05:22:06,France
public.nads.gov.ua,10000000,2024-03-21 04:44:03,Ukraine
smartrajshahi.gov.bd,10000000,2024-03-21 06:16:31,Bangladesh
sso.prodap.ap.gov.br,10000000,2024-03-21 09:36:15,Brazil
www.2005-2015.agenciaminas.mg.gov.br,10000000,2024-03-21 09:26:57,Brazil
www.californiadgstats.ca.gov,10000000,2024-03-21 06:20:15,United States of America
archives.te.gov.ua,10000000,2024-03-22 15:03:29,Ukraine
casadelbicentenario.cultura.gob.ar,10000000,2024-03-22 13:21:40,Argentina
caserodigital.produce.gob.pe,10000000,2024-03-22 12:32:06,Peru
developer.overheid.nl,10000000,2024-03-22 16:31:30,Netherlands
idec.ineter.gob.ni,10000000,2024-03-22 12:51:39,Nicaragua
mopid.lumbini.gov.np,10000000,2024-03-22 16:52:35,Nepal
servicos.voltaredonda.rj.gov.br,10000000,2024-03-22 13:05:47,Brazil
app.sat-t.gob.pe,10000000,2024-03-23 01:49:32,Peru
comercioeinversionguate.gob.gt,10000000,2024-03-22 20:31:11,Guatemala
contratacionesabiertas.osce.gob.pe,10000000,2024-03-23 01:05:47,Peru
datacrim.inei.gob.pe,10000000,2024-03-23 01:30:18,Peru
digitalnicesko.gov.cz,10000000,2024-03-23 01:27:38,Czechia
ebbs.senate.gov,10000000,2024-03-23 00:22:57,United States of America
engativa.gov.co,10000000,2024-03-23 02:10:55,Colombia
moletm.lumbini.gov.np,10000000,2024-03-22 20:37:55,Nepal
era.gv.at,10000000,2024-03-23 17:12:09,Austria
files.peacecorps.gov,10000000,2024-03-23 20:07:59,United States of America
paot.guanajuato.gob.mx,10000000,2024-03-23 16:24:14,Mexico
puertolopez.gob.ec,10000000,2024-03-22 22:48:26,Ecuador
subastas.mpajujuy.gob.ar,10000000,2024-03-22 23:54:04,Argentina
to77.minjust.gov.ru,10000000,2024-03-22 23:04:08,Russian Federation (the)
actiba.mp.gba.gob.ar,10000000,2024-03-23 10:16:26,Argentina
connexion.contacts-demarches.interieur.gouv.fr,10000000,2024-03-23 12:44:15,France
contratacionesabiertas.gob.hn,10000000,2024-03-23 11:13:28,Honduras
eventos.semarnat.gob.mx,10000000,2024-03-23 12:40:38,Mexico
geocalc.gazar.gov.mn,10000000,2024-03-23 11:28:08,Mongolia
guichevirtual.sefin.fortaleza.ce.gov.br,10000000,2024-03-23 12:39:47,Brazil
ide.geobases.es.gov.br,10000000,2024-03-23 07:46:05,Brazil
inmcv.cultura.gob.ar,10000000,2024-03-23 08:11:00,Argentina
legislativo.palmas.to.gov.br,10000000,2024-03-23 09:55:15,Brazil
loginmail.nghean.gov.vn,10000000,2024-03-23 10:23:58,Viet Nam
mad3nucleo.regioncajamarca.gob.pe,10000000,2024-03-23 07:43:56,Peru
palaisdeglace.cultura.gob.ar,10000000,2024-03-23 07:24:52,Argentina
portaldocidadao.inaciolandia.go.gov.br,10000000,2024-03-23 07:26:46,Brazil
sar3.regioncajamarca.gob.pe,10000000,2024-03-23 11:04:08,Peru
tgd.tuseb.gov.tr,10000000,2024-03-23 12:38:55,Turkey
treasuries.nagaland.gov.in,10000000,2024-03-23 08:59:10,India
www.contratacionesabiertas.gob.hn,10000000,2024-03-23 10:53:40,Honduras
www.katalog.bip.ipn.gov.pl,10000000,2024-03-23 10:29:55,Poland
analytics.gov.in,10000000,2024-03-23 17:46:08,India
certificados.ibc.gov.br,10000000,2024-03-23 17:06:39,Brazil
dhapdam.gov.np,10000000,2024-03-23 21:45:09,Nepal
digesto.concejovillamaria.gob.ar,10000000,2024-03-23 18:27:31,Argentina
ecology.te.gov.ua,10000000,2024-03-23 21:03:09,Ukraine
investrshom.rs.gov.br,10000000,2024-03-23 19:26:21,Brazil
resultados.chaco.gob.ar,10000000,2024-03-23 21:41:51,Argentina
staffportal.mpb.gov.my,10000000,2024-03-23 20:39:23,Malaysia
vacancy.neb.gov.np,10000000,2024-03-23 21:34:31,Nepal
digitalntl.nt.gov.au,10000000,2024-03-24 02:51:20,Australia
apoioaocuidador.azores.gov.pt,10000000,2024-03-24 13:06:55,Portugal
adn.gov.tl,10000000,2024-03-24 01:29:04,Timor-Leste
cas.gdern.rionegro.gov.ar,10000000,2024-03-24 04:00:08,Argentina
hoabinhtrade.gov.vn,10000000,2024-03-24 04:08:49,Viet Nam
mspreport.odisha.gov.in,10000000,2024-03-24 00:15:19,India
neurobiobank.nih.gov,10000000,2024-03-24 04:36:57,United States of America
portail-rennes.colibris.education.gouv.fr,10000000,2024-03-24 03:03:44,France
staffportal.pl.gov.my,10000000,2024-03-23 23:38:18,Malaysia
2viadam.palmas.to.gov.br,10000000,2024-03-24 07:13:55,Brazil
buyerzone.gov.ie,10000000,2024-03-24 09:57:07,Ireland
moitfe.lumbini.gov.np,10000000,2024-03-24 08:55:18,Nepal
municipalmoney.gov.za,10000000,2024-03-24 13:25:15,South Africa
museodelgrabado.cultura.gob.ar,10000000,2024-03-24 11:24:51,Argentina
museorojas.cultura.gob.ar,10000000,2024-03-24 11:26:00,Argentina
museum.rv.gov.ua,10000000,2024-03-24 11:08:36,Ukraine
ndpc.gov.gh,10000000,2024-03-24 12:01:45,Ghana
portail-bordeaux.colibris.education.gouv.fr,10000000,2024-03-24 09:24:53,France
preview.campus.gov.il,10000000,2024-03-24 11:31:47,Israel
repository.niddk.nih.gov,10000000,2024-03-24 08:38:21,United States of America
sapl.camaranh.rs.gov.br,10000000,2024-03-24 08:48:53,Brazil
sar2.regioncajamarca.gob.pe,10000000,2024-03-24 07:48:00,Peru
tnidb.tn.gov.in,10000000,2024-03-24 09:05:14,India
vulekamali.gov.za,10000000,2024-03-25 00:27:09,South Africa
www.madeinamerica.gov,10000000,2024-03-24 17:26:55,United States of America
conceptos.dane.gov.co,10000000,2024-03-24 19:25:16,Colombia
courses.net.gov.ua,10000000,2024-03-24 19:00:14,Ukraine
dcimanipur.gov.in,10000000,2024-03-24 16:52:02,India
drem.regioncajamarca.gob.pe,10000000,2024-03-24 18:18:09,Peru
equipements.sports.gouv.fr,10000000,2024-03-24 20:54:25,France
espa.cr.usgs.gov,10000000,2024-03-24 19:54:56,United States of America
film.gov.np,10000000,2024-03-24 16:36:00,Nepal
gwis.jrc.ec.europa.eu,10000000,2024-03-24 17:27:09,EU
movilidad.itagui.gov.co,10000000,2024-03-24 18:02:43,Colombia
mype.miempresa.gob.sv,10000000,2024-03-24 20:14:23,El Salvador
ncb.nepalpolice.gov.np,10000000,2024-03-24 16:58:09,Nepal
pmo.gov.et,10000000,2024-03-24 21:00:36,Ethiopia
portalgaji.lkim.gov.my,10000000,2024-03-24 18:09:46,Malaysia
sw.sen.go.kr,10000000,2024-03-24 19:17:02,South Korea
trainingacademy.dir.ca.gov,10000000,2024-03-24 19:07:16,United States of America
www.luspa.gov.gh,10000000,2024-03-24 19:07:58,Ghana
bardianationalpark.gov.np,10000000,2024-03-25 00:09:19,Nepal
iris.prosperidadsocial.gov.co,10000000,2024-03-25 02:32:12,Colombia
khuyencongonline.gov.vn,10000000,2024-03-25 01:34:08,Viet Nam
npa.nepalpolice.gov.np,10000000,2024-03-25 02:35:57,Nepal
nsdi.gov.bd,10000000,2024-03-25 01:09:12,Bangladesh
portail-guadeloupe.colibris.education.gouv.fr,10000000,2024-03-25 01:24:01,France
proinfo.lged.gov.bd,10000000,2024-03-24 23:25:46,Bangladesh
secureshare.tcole.texas.gov,10000000,2024-03-25 02:06:32,United States of America
www.agriculturacajamarca.gob.pe,10000000,2024-03-24 23:43:35,Peru
www.dmpi.gov.bd,10000000,2024-03-24 23:56:26,Bangladesh
acadepol.se.gov.br,50000000,2024-03-30 17:31:51,Brazil
bahamasbudget.gov.bs,50000000,2024-03-30 17:12:51,Bahamas
blsstomp.medportal.saratov.gov.ru,50000000,2024-03-30 13:47:06,Russian Federation (the)
mujeres.guanajuato.gob.mx,50000000,2024-03-30 18:10:36,Mexico
maps.roadprojects.vic.gov.au,50000000,2024-03-30 19:56:58,Australia
elections.lewiscountywa.gov,50000000,2024-03-31 12:44:53,United States of America
data.maitland.nsw.gov.au,50000000,2024-03-30 15:25:25,Australia
fondoeditoria.mise.gov.it,50000000,2024-03-30 16:39:10,Italy
institutorosas.cultura.gob.ar,50000000,2024-03-30 17:16:02,Argentina
mediation.gov.lk,50000000,2024-03-30 16:12:03,Sri Lanka
thalchor-2.ypen.gov.gr,50000000,2024-03-30 13:43:05,Greece
www.bahamasbudget.gov.bs,50000000,2024-03-30 18:45:19,Bahamas
flightopportunities.ndc.nasa.gov,50000000,2024-03-30 22:10:24,United States of America
lms.szkolenia.gov.pl,50000000,2024-03-31 01:48:15,Poland
profile.tikapurmun.gov.np,50000000,2024-03-31 03:49:28,Nepal
rocpzn.rvadmin.gov.ua,50000000,2024-03-31 02:37:55,Ukraine
stream.akcourts.gov,50000000,2024-03-31 04:05:24,United States of America
subsidy.sqcc.gov.np,50000000,2024-03-31 02:19:59,Nepal
vrsouth.npm.gov.tw,50000000,2024-03-30 22:54:45,Taiwan
www.projects.lgm.gov.ly,50000000,2024-03-31 00:59:05,Libya
www.ugelsanpablo.gob.pe,50000000,2024-03-30 22:27:32,Peru
assistance.trackdechets.beta.gouv.fr,50000000,2024-03-31 15:07:18,France
camaramombaca.ce.gov.br,50000000,2024-03-31 12:35:50,Brazil
ciudadano.santarosa.gob.ar,50000000,2024-03-31 15:49:53,Argentina
ioc.gov.ua,50000000,2024-03-31 15:55:24,Ukraine
odh.sedh.gob.hn,50000000,2024-03-31 13:27:41,Honduras
ptco.lumbini.gov.np,50000000,2024-03-31 15:03:01,Nepal
rds.ncmrwf.gov.in,50000000,2024-03-31 12:25:00,India
terms.fedcourt.gov.au,50000000,2024-03-31 13:44:44,Australia
ukurier.gov.ua,50000000,2024-03-31 17:47:38,Ukraine
hip.phila.gov,50000000,2024-04-02 09:41:26,United States of America
aofh.interieur.gouv.fr,50000000,2024-03-31 23:27:13,France
chota.regioncajamarca.gob.pe,50000000,2024-04-01 01:23:41,Peru
colesco.illinois.gov,50000000,2024-03-31 23:10:48,United States of America
experts.naqa.gov.ua,50000000,2024-04-01 00:06:15,Ukraine
scenarioviewer.nrel.gov,50000000,2024-03-31 21:54:09,United States of America
staging-id.argentina.gob.ar,50000000,2024-03-31 23:16:58,Argentina
www.portalmunicipal.gov.pt,50000000,2024-04-01 00:09:46,Portugal
documentos.congresoqroo.gob.mx,50000000,2024-04-01 15:03:34,Mexico
moics.lumbini.gov.np,50000000,2024-04-01 12:34:11,Nepal
pgfconecta.agu.gov.br,50000000,2024-04-01 17:29:43,Brazil
profile.damakmun.gov.np,50000000,2024-04-01 12:21:07,Nepal
sae.inmegen.gob.mx,50000000,2024-04-01 18:55:26,Mexico
survey.bipad.gov.np,50000000,2024-04-01 16:37:02,Nepal
to66.minjust.gov.ru,50000000,2024-04-01 12:54:11,Russian Federation (the)
www.sdr.pi.gov.br,50000000,2024-04-01 18:52:55,Brazil
ccmanipur.mn.gov.in,50000000,2024-04-02 07:21:55,India
data.normandie.education.gouv.fr,50000000,2024-04-02 12:00:14,France
enggp2.medportal.saratov.gov.ru,50000000,2024-04-02 11:16:02,Russian Federation (the)
investrs.rs.gov.br,50000000,2024-04-02 10:28:04,Brazil
minifur.empleabilidad.gob.pe,50000000,2024-04-02 10:37:50,Peru
www.gosportpanel.independent.gov.uk,50000000,2024-04-02 20:40:19,United Kingdom
pronasolos.sgb.gov.br,50000000,2024-04-02 08:32:22,Brazil
raresource.nih.gov,50000000,2024-04-02 08:54:02,United States of America
rouoz.gov.ua,50000000,2024-04-02 13:33:41,Ukraine
ugelsanmarcos.gob.pe,50000000,2024-04-02 13:12:28,Peru
www.bus-data.dft.gov.uk,50000000,2024-04-02 13:02:33,United Kingdom
www.okb.medportal.saratov.gov.ru,50000000,2024-04-02 10:20:04,Russian Federation (the)
cutervo.regioncajamarca.gob.pe,50000000,2024-04-02 21:19:24,Peru
data.whanganui.govt.nz,50000000,2024-04-02 23:51:52,New Zealand
dcshuyenbinhson.quangngai.gov.vn,50000000,2024-04-02 21:31:57,Viet Nam
geonode.paranagua.pr.gov.br,50000000,2024-04-03 00:57:53,Brazil
inet.cultura.gob.ar,50000000,2024-04-03 00:44:20,Argentina
micm.gov.tm,50000000,2024-04-02 22:11:51,Turkmenistan
pcgg.lumbini.gov.np,50000000,2024-04-02 23:39:46,Nepal
to19.minjust.gov.ru,50000000,2024-04-02 21:03:54,Russian Federation (the)
transparencia.novosantoantonio.pi.gov.br,50000000,2024-04-02 18:58:58,Brazil
www.disacutervo.gob.pe,50000000,2024-04-02 20:56:22,Peru
agroprom-rivne.gov.ua,50000000,2024-04-03 11:21:20,Ukraine
app.jupem.gov.my,50000000,2024-04-03 10:39:29,Malaysia
data.occitanie.education.gouv.fr,50000000,2024-04-03 12:28:50,France
mnao.cultura.gob.ar,50000000,2024-04-03 12:12:06,Argentina
newberiano.cultura.gob.ar,50000000,2024-04-03 12:01:08,Argentina
qlassic.cidb.gov.my,50000000,2024-04-03 14:21:48,Malaysia
www.kmgc.gov.kw,50000000,2024-04-03 11:24:40,Kuwait
www.socialwelfare.mn.gov.in,50000000,2024-04-03 11:26:27,India
societenumerique.gouv.fr,50000000,2024-04-03 21:01:33,France
lovethegame.vic.gov.au,50000000,2024-04-03 23:02:21,Australia
connexion-reims.colibris.education.gouv.fr,50000000,2024-04-04 01:36:09,France
humanresources.alacourt.gov,50000000,2024-04-04 01:27:09,United States of America
k-portal.kesedar.gov.my,50000000,2024-04-03 22:33:33,Malaysia
museojesuitico.cultura.gob.ar,50000000,2024-04-04 01:26:13,Argentina
museoterry.cultura.gob.ar,50000000,2024-04-03 23:40:48,Argentina
sapl.itaqui.rs.gov.br,50000000,2024-04-04 00:25:13,Brazil
surgalt.tender.gov.mn,50000000,2024-04-04 02:54:37,Mongolia
trabajo.regioncajamarca.gob.pe,50000000,2024-04-04 01:29:51,Peru
www.bernardosayao.to.gov.br,50000000,2024-04-03 23:58:30,Brazil
architecture.te.gov.ua,50000000,2024-04-04 08:13:08,Ukraine
coldatomlab.jpl.nasa.gov,50000000,2024-04-04 10:58:44,United States of America
connexion-corse.colibris.education.gouv.fr,50000000,2024-04-04 07:17:16,France
ide.ordenamientoterritorial.misiones.gob.ar,50000000,2024-04-04 11:53:38,Argentina
isogd.sev.gov.ru,50000000,2024-04-04 11:30:54,Russian Federation (the)
mipyme.zacatecas.gob.mx,50000000,2024-04-04 07:47:51,Mexico
sart.se.gob.hn,50000000,2024-04-04 08:44:04,Honduras
to74.minjust.gov.ru,50000000,2024-04-04 09:33:08,Russian Federation (the)
anconcito.gob.ec,50000000,2024-04-05 04:10:07,Ecuador
camaravalinhos.sp.gov.br,50000000,2024-04-05 05:57:12,Brazil
encuestas.mpf.gov.ar,50000000,2024-04-05 06:15:05,Argentina
reclamos.sanfrancisco.gov.ar,50000000,2024-04-05 05:35:06,Argentina
voluntariado.azores.gov.pt,50000000,2024-04-05 05:03:19,Portugal
www.gdansk.zp.gov.pl,50000000,2024-04-05 03:47:47,Poland
capoeiras.pe.gov.br,50000000,2024-04-06 11:23:01,Brazil
verba.rvadmin.gov.ua,50000000,2024-04-05 06:33:31,Ukraine
cmguaraciabadonorte.ce.gov.br,50000000,2024-04-05 21:38:00,Brazil
cmip-publications.llnl.gov,50000000,2024-04-05 22:08:54,United States of America
data.gouv.nc,50000000,2024-04-05 20:59:45,New Caledonia
data.ncaor.gov.in,50000000,2024-04-05 21:11:16,India
equity.nyc.gov,50000000,2024-04-05 21:42:49,United States of America
museomitre.cultura.gob.ar,50000000,2024-04-05 23:05:49,Argentina
perechen.vak2.ed.gov.ru,50000000,2024-04-05 20:33:22,Russian Federation (the)
portail-corse.colibris.education.gouv.fr,50000000,2024-04-05 23:24:11,France
postulacion.sfp.gov.py,50000000,2024-04-05 23:20:13,Paraguay
ttbaby.taitung.gov.tw,50000000,2024-04-05 19:07:17,Taiwan
turnos.morona.gob.ec,50000000,2024-04-05 16:47:43,Ecuador
www.karsirimangoes.karnataka.gov.in,50000000,2024-04-05 19:26:24,India
www.ugelcelendin.gob.pe,50000000,2024-04-05 20:42:29,Peru
bluefields.gob.ni,50000000,2024-04-06 02:44:52,Nicaragua
bvtphue.thuathienhue.gov.vn,50000000,2024-04-06 07:04:24,Viet Nam
ceasy.epd.gov.hk,50000000,2024-04-06 06:46:27,Hong Kong
milhistory.zsu.gov.ua,50000000,2024-04-06 03:59:31,Ukraine
sargp16.medportal.saratov.gov.ru,50000000,2024-04-06 02:43:23,Russian Federation (the)
sdg.npc.gov.np,50000000,2024-04-06 05:30:36,Nepal
smad.vin.gov.ua,50000000,2024-04-06 02:19:53,Ukraine
wildlifelicensing.dbca.wa.gov.au,50000000,2024-04-06 00:24:21,Australia
bhuvan-suvidha1.nrsc.gov.in,50000000,2024-04-06 13:49:12,India
burnpermit.lewiscountywa.gov,50000000,2024-04-06 15:01:29,United States of America
convencionconstituyente.jujuy.gob.ar,50000000,2024-04-06 11:51:04,Argentina
credentials.campus.gov.il,50000000,2024-04-06 12:33:31,Israel
eiti.gov.ua,50000000,2024-04-06 20:07:24,Ukraine
socialsupport.gov.cy,50000000,2024-04-06 13:46:28,Cyprus
geoportal.to.gov.br,50000000,2024-04-06 14:12:02,Brazil
ipdc.gov.et,50000000,2024-04-06 12:53:05,Ethiopia
otd.delhi.gov.in,50000000,2024-04-06 12:35:27,India
denunciaselectorales.mpf.gov.ar,50000000,2024-04-06 22:08:48,Argentina
emenyesha.rib.gov.rw,50000000,2024-04-06 23:10:42,Rwanda
gadparroquialposorja.gob.ec,50000000,2024-04-06 23:39:50,Ecuador
gis.mic.gov.py,50000000,2024-04-06 22:30:27,Paraguay
gobiernoabierto.test.cordoba.gob.ar,50000000,2024-04-06 17:32:53,Argentina
infosipinna.segob.gob.mx,50000000,2024-04-06 22:25:07,Mexico
newsletter.mise.gov.it,50000000,2024-04-06 20:06:21,Italy
ouvidoria.rj.gov.br,50000000,2024-04-07 00:07:29,Brazil
portail-strasbourg.colibris.education.gouv.fr,50000000,2024-04-06 23:47:22,France
recadastro.palmas.to.gov.br,50000000,2024-04-06 22:09:48,Brazil
to02.minjust.gov.ru,50000000,2024-04-06 18:05:13,Russian Federation (the)
wastewater-observatory.jrc.ec.europa.eu,50000000,2024-04-06 22:55:36,EU
www.claveriamisor.gov.ph,50000000,2024-04-06 22:12:27,Philippines
control.ms.gov.br,50000000,2024-04-07 10:36:52,Brazil
dircetur.regioncajamarca.gob.pe,50000000,2024-04-07 13:00:59,Peru
endoflife.services.govt.nz,50000000,2024-04-07 14:28:06,New Zealand
geonode.meteochile.gob.cl,50000000,2024-04-07 15:16:36,Chile
nic.gov.tm,50000000,2024-04-07 17:26:01,Turkmenistan
publicaciones.gacetaoficial.gov.py,50000000,2024-04-07 11:52:52,Paraguay
sapaza.gob.mx,50000000,2024-04-07 15:52:31,Mexico
services.g2b.gov.bt,50000000,2024-04-07 17:35:12,Bhutan
comisionparavictimas.guanajuato.gob.mx,50000000,2024-04-08 03:26:52,Mexico
eosweb.larc.nasa.gov,50000000,2024-04-08 01:19:26,United States of America
ms.nauka.gov.ua,50000000,2024-04-08 01:31:23,Ukraine
minenergia.gov.co,50000000,2024-04-08 14:28:35,Colombia
diprpunjab.gov.in,50000000,2024-04-08 23:48:40,India
buscador.investrs.rs.gov.br,50000000,2024-04-08 03:46:37,Brazil
connexion-martinique.colibris.education.gouv.fr,50000000,2024-04-07 21:57:22,France
covid19.sstabasco.gob.mx,50000000,2024-04-08 01:23:00,Mexico
digital-decade-desi.digital-strategy.ec.europa.eu,50000000,2024-04-07 23:08:43,EU
dubnorada.rv.gov.ua,50000000,2024-04-08 03:23:36,Ukraine
enemnarede.seduc.ce.gov.br,50000000,2024-04-08 00:16:33,Brazil
gestao-parcerias.sistema.gov.br,50000000,2024-04-08 04:15:46,Brazil
jarvis.nist.gov,50000000,2024-04-08 04:20:19,United States of America
portail-centrale.colibris.education.gouv.fr,50000000,2024-04-07 21:35:12,France
to44.minjust.gov.ru,50000000,2024-04-08 03:02:19,Russian Federation (the)
www.setre.pi.gov.br,50000000,2024-04-08 02:43:06,Brazil
www.shailoo.gov.kg,50000000,2024-04-07 21:41:54,Kyrgyzstan
agent-grenoble.colibris.education.gouv.fr,50000000,2024-04-08 18:35:57,France
agingresearchbiobank.nia.nih.gov,50000000,2024-04-08 17:47:31,United States of America
camaraacopiara.ce.gov.br,50000000,2024-04-08 12:06:53,Brazil
comunicacion.cultura.gob.ar,50000000,2024-04-08 12:07:28,Argentina
data-oswiadczenia.ipn.gov.pl,50000000,2024-04-08 14:17:57,Poland
data.casey.vic.gov.au,50000000,2024-04-08 17:01:58,Australia
intranet.moh.gov.jm,50000000,2024-04-08 12:44:23,Jamaica
jaen.regioncajamarca.gob.pe,50000000,2024-04-08 16:36:16,Peru
monitorsetec.mec.gov.br,50000000,2024-04-08 12:22:04,Brazil
museodelhombre.cultura.gob.ar,50000000,2024-04-08 15:08:33,Argentina
to59.minjust.gov.ru,50000000,2024-04-08 14:27:42,Russian Federation (the)
workforcedata.nyc.gov,50000000,2024-04-08 19:07:44,United States of America
autorpa.tpech.gov.tw,50000000,2024-04-09 03:56:15,Taiwan
data.culturecommunication.gouv.fr,50000000,2024-04-09 04:04:10,France
destino.regioncajamarca.gob.pe,50000000,2024-04-09 00:13:36,Peru
linc.osbm.nc.gov,50000000,2024-04-09 04:06:54,United States of America
museoyrurtia.cultura.gob.ar,50000000,2024-04-08 23:46:34,Argentina
pass.sante.gouv.td,50000000,2024-04-08 23:32:37,Chad
to06.minjust.gov.ru,50000000,2024-04-09 04:01:49,Russian Federation (the)
tpsx.arc.nasa.gov,50000000,2024-04-09 03:56:52,United States of America
www.bailhongalatown.mrc.gov.in,50000000,2024-04-09 06:06:25,India
www.cgii.gob.bo,50000000,2024-04-09 04:37:53,Bolivia
accounts.alcf.anl.gov,50000000,2024-04-09 13:20:15,United States of America
agent-orleans-tours.colibris.education.gouv.fr,50000000,2024-04-09 10:46:37,France
cmcascavel.ce.gov.br,50000000,2024-04-09 16:14:25,Brazil
comprasdiretas.palmas.to.gov.br,50000000,2024-04-09 11:01:22,Brazil
fabrimeular.fabriciano.mg.gov.br,50000000,2024-04-09 11:53:46,Brazil
gadjltmuey.gob.ec,50000000,2024-04-09 16:13:05,Ecuador
kracrb.medportal.saratov.gov.ru,50000000,2024-04-09 13:17:36,Russian Federation (the)
lib.thcdc.hakka.gov.tw,50000000,2024-04-09 13:10:59,Taiwan
museodelnorte.cultura.gob.ar,50000000,2024-04-09 14:26:42,Argentina
postdocs.jpl.nasa.gov,50000000,2024-04-09 14:57:11,United States of America
producemas.produce.gob.pe,50000000,2024-04-09 14:40:50,Peru
www.ugelsantacruz.gob.pe,50000000,2024-04-09 14:02:48,Peru